"","GSM180626","GSM180627","GSM180628","GSM180629","GSM180630","GSM180631","GSM180632","GSM180633","GSM180634","GSM180635","GSM180636","GSM180637","GSM180638","GSM180639","GSM180640","GSM180641","GSM180642","GSM180643","GSM180644","GSM180645","GSM180646","GSM180647","GSM180648","GSM180649","GSM180650","GSM180651","GSM180652","GSM180653","GSM180654","GSM180655","GSM180656","GSM180657","GSM180658","GSM180659","GSM180660","GSM180661","GSM180662","GSM180663","GSM180664","GSM180665","GSM180666","GSM180667","GSM180668"
"AKT3",6.6256336477098,6.70593969321187,6.77159252918112,7.0153442236075,6.7354972044767,6.60994239418985,6.83956464266463,6.86649056048482,6.27511844442476,6.79311199202584,5.87477282288812,5.94087981292103,5.65786065920777,6.17083812464417,6.0224807406283,5.83894466593353,5.55343389704113,6.11446353113906,5.85291210650328,6.83836612491547,6.96041112875832,5.94638244136922,6.23184262713837,6.08052831929805,6.470719945659,6.0300773794512,6.2213078740059,6.44041898175632,6.58115657321946,6.42176105164058,5.75897161329348,6.66616843714462,6.78629203570566,6.65982167025718,6.09003010350951,6.62026479981191,6.95526384908294,6.6891913070013,6.73841748306948,6.31036580209219,6.16318765297504,7.51673596869585,6.65130791075914
"ABCC9",5.51545030515886,4.13866356858605,4.76818495999117,6.10322238911785,4.61262871045829,4.63170010439259,4.2750921123825,4.98846689439497,4.44792451903027,5.21047688994152,3.98387405232114,3.95981061827165,4.31491807131899,3.75137863953948,4.53588548337323,4.63156054917153,4.49362494458659,3.6738213076237,3.91444199391136,5.01403202058327,4.77165134973133,4.27494910110005,4.30792230880717,4.1169212677422,4.45774713347773,4.82078694054498,4.5061607715707,5.81875903299621,4.77364294057451,4.81248709124001,3.81154018042141,4.60784452416856,4.00161112133586,4.48009682011789,3.7389480720371,4.69823685395776,4.4395641540488,5.08155336198508,4.79076776044004,4.14726757140994,4.17042477379976,5.25112154395393,4.04541758536952
"RAMP2",7.57530543043916,7.61857687645494,7.53516201030894,6.98975739198198,7.19697336087702,7.35594682064439,7.29551484975119,7.27621168909299,6.69142759086485,7.53128937695449,6.57763983570209,6.75010239399212,6.88985949379243,7.51951019175031,7.07253670801614,6.84286781508701,6.49029085688348,6.54007464808332,6.59343609710499,7.49917712782056,7.44133101381485,7.21819515097662,7.03477171848474,7.14704167023256,7.09873284238268,7.39772374133917,7.91412771991437,7.44565777404791,7.43059512428099,7.44935521158315,7.30840134378259,7.54282163515069,7.55704655275608,7.40320879479636,6.80776861908658,8.21850511385389,7.94399763382648,7.87583366884987,7.66034131443844,7.48520654997229,6.59518209749702,7.22949982127056,6.53411330680529
"SLC25A17",7.11826818829703,8.01816554683837,7.13426883793873,6.91936939928263,7.15135002645134,7.36166958940096,7.29382447939715,7.43763844134001,6.75521512280612,6.97894483563838,6.67827108632982,6.59727806548247,6.63599519751859,6.42238349436577,6.40825748801498,6.32753477597886,6.54999338264324,6.38995626420428,6.46926189788719,7.25274243927177,7.06850868139344,6.51203438103498,6.6417265603303,6.54717255952214,6.5363689907484,6.39143867101463,6.27526622655385,6.56296191597471,7.01894812831106,6.96942011751224,6.19147747056764,8.0088737801075,7.13617964731987,6.95869799414271,6.3776133002331,6.74821369996107,7.42545221837212,7.17406737285635,7.54340760934221,7.06596108119807,6.053961439226,7.69995488770465,6.55899025783978
"NMU",4.83894625258624,4.79278256235273,4.71123720221713,4.82970789154857,4.83919276034805,4.88394313146785,4.94594605231989,5.23141493411281,5.48507637116054,4.86650839489129,7.51633018419009,5.64931286286622,7.10965863481556,7.65698535972264,6.19774453962367,6.90866421433847,5.58144454552039,6.64006803451475,5.52022034371842,4.75959107002021,5.11101995417191,5.16798457498335,6.3867247168855,5.59428037622685,5.45588553460831,6.37711020989541,4.95085913141394,5.10590208379815,4.89696080032303,6.18120810302634,8.43025806545071,5.26303725030911,4.70495069501145,5.16134065279564,5.34860223523568,5.97116422989062,4.89887364014894,5.0108144394774,5.04214945114334,4.96746894691862,5.16735203489343,5.14501908937992,5.04083508449071
"PADI2",6.13669625201568,6.28055281523379,6.13843428044172,5.8629014176771,6.23881572976328,6.15424008739026,6.14443376101916,6.34170361396249,6.00373824820387,6.11210720713079,6.21931215323288,6.61914372382565,6.17097314465885,6.88081725169297,6.96264708536526,7.02331301824925,6.51063248163561,8.04078333283602,7.41158526017484,6.22730245366525,6.29482392563246,7.45656902838225,6.81509532599319,7.80098507671679,6.91619248314425,6.71535269311261,6.29935747258899,6.28507756310728,5.98813769449971,6.15220185432733,7.03475252031122,6.06542210941643,5.93249889880896,6.23828024429314,6.06227127044442,6.18763321729106,6.015141486654,6.0350615252455,5.95037712242979,5.96132013292099,6.64776218569578,5.96331531697121,6.14978153080054
"CCR1",6.99856292923837,7.43180963572787,7.13787339442938,6.75778891506737,6.99371928720688,6.70168573811389,7.31187853950055,6.91666150850459,6.78755243002654,6.82180647485001,7.68412154461029,9.04254184971359,7.52097339334949,6.73402325215518,8.76400861773978,7.33510838223076,7.36630102469161,7.39593872044808,7.79554323416067,6.87913528213884,7.1631033925526,7.71500692929663,8.0917975997796,9.60766493140131,8.53876849464615,7.73239459430004,8.02400787978106,7.61261557945228,7.64892161959226,6.86540449549411,7.40708780338527,7.85662934672887,7.31869927673041,7.91587859266165,7.10051050320754,7.45373985785372,6.87371217079178,6.7517553109552,6.88955973201318,7.13509064184113,7.80657045016398,6.71041648885117,7.35872911876857
"ADH1C",6.59880625365442,7.02595716026899,6.72368593339996,6.41034211304854,6.56693173896582,6.23813333657364,6.24986206061444,6.15492961782949,6.07629016979283,6.58402423430439,5.55326704506634,5.86736249927131,5.85765533868548,6.03475020584523,6.41333873193023,5.83637502330792,6.07574883086788,5.72079425625898,5.81655807935321,6.63408414884537,6.42870534136011,5.97559545303051,6.13094445406353,5.92243939219772,5.84754873402939,6.93203483701437,6.9226644684387,6.81288415516876,6.53437152213654,6.73883538872549,5.95917776007405,6.17149240125547,6.77988078611264,6.23816322493591,5.94800404593748,6.72816529510103,6.62838512191112,6.51928758509376,6.43463290151057,6.46495860375895,5.80623027770034,6.9860026811246,5.73891765504103
"COL9A2",7.89655582080372,8.02052847780116,7.9066225029745,7.94789757738932,7.77120389316328,7.93258662650965,7.7546007930355,7.7001783030114,8.19196898580319,8.00658994277026,9.58845815231109,8.65420091641185,8.91490944342626,8.09999567741654,8.88700751365458,8.20456577886654,8.22248814788889,8.61283143779703,9.36388741489893,7.87236397496856,7.81726039917024,8.218486763483,8.70690493734651,8.39787416547821,9.83877206592846,8.89995815102665,8.24940270279867,8.79524154014145,7.82395627535358,8.85886040777117,8.87438559384553,7.75777135674215,7.54843436050284,7.82501096659945,8.94153713668157,8.19320622951762,7.90055536051011,7.79655349434027,7.79165269760814,7.93183439670558,8.21687041102519,7.42601709813946,8.6168216523092
"AADAC",4.20310415176446,4.54925177879642,4.57163664584445,4.16116156043048,4.27843881456126,4.76389181522427,4.74684909877838,4.76371318522856,4.31172749668701,4.2252366995791,5.93015885478739,4.52442922933288,5.52828348338967,4.56023308886333,4.99074310701505,6.31205827146239,7.63404958806697,4.9092318517943,4.73831840625054,4.82068481788233,4.43840951147912,4.64512405961993,5.18324248660703,4.16164694314792,6.10796641909161,4.26164842703113,4.81827114609601,4.40911399447065,4.26572294869858,5.27338264706284,6.53462544457997,6.60869582792503,4.3536405199153,4.40352673163675,4.69692262963525,6.14606277188985,4.35335107969126,4.24864471182885,4.32279451293631,4.12080546065442,5.61739226204928,4.95265853119701,4.99670806955924
"CLDN4",8.56186388945999,8.58007310148469,8.41664691731383,8.73732577243915,8.54316814560455,8.97045054903359,8.91762891107556,8.87450518263152,9.3019640662649,8.78637920488292,9.48675700125506,10.0484166962758,11.0803484935116,9.71890288086155,9.91251930640186,10.9176155331123,9.97093996706835,10.3930450887227,10.3634379512042,8.59599161504725,8.64001578921027,9.94078638793668,9.53726996020887,9.34841616669218,9.95390976558974,9.589170142959,9.19149826539848,9.44893388693151,8.48133610810639,9.57386115287717,10.2367261183808,8.48062863145407,8.12239125077677,9.23677614604065,10.8408128037289,9.13076077619374,8.40473608824233,8.43610174298584,8.51686123936195,9.76465633990949,10.7171707618484,8.17203853502273,11.3242750615475
"TMEM30B",5.80902852979484,5.7900027758353,5.78035962598358,6.0435583144481,6.28070909742505,6.2098869839039,6.37532800499979,5.94428236638638,6.50421075910326,6.07749772899249,5.8779007133102,6.56465501563949,6.57022034077836,7.54904974421529,6.59014956429447,6.56933659215939,6.76987126574986,6.53120840382871,7.65046823145885,5.9056258766212,5.88719822678345,6.77499785716584,6.24974101466531,5.90864970639138,7.10493471893449,6.57567709158221,6.50815566903309,6.27195070441589,5.85780200876999,6.58745832775009,6.57145208599292,5.85320601693201,5.93033129154862,6.24732437929154,6.8563426606479,6.2989344926393,6.01342428922599,5.8764221716422,5.73273420518644,6.63159606750537,7.55409056353433,5.89150173098683,7.60883720309831
"DPP4",5.4129814818309,4.69123481277051,4.80704884291738,7.81672938326846,6.41483735287864,6.56523027600685,6.50386215826135,6.73679173386964,4.70139282664702,6.84933873291166,4.19741930037291,4.60064341237775,4.29110246503992,4.31392567579752,4.35465869726726,4.87166533300513,4.77891770297741,4.06813325909657,4.17899511652801,4.94916478296323,4.92356481290079,4.4286895813407,5.32685831683604,5.63640791000655,4.32083940555669,4.53229232556176,4.53319290744339,4.34610003286655,5.12440673070093,4.6469587529588,4.93823478411767,5.96090672754636,4.93881511083404,4.38927222115194,4.40714237344539,4.33937910512677,4.46918359691748,5.49401872106788,4.88989146288875,6.08708621632568,3.98598842711925,4.89456864699731,4.4611299322621
"AGTR1",6.4423263119605,5.97023389161542,6.16322050885982,6.19089721772886,5.98270978343078,5.57171201618951,5.74508397462074,5.9819074222091,5.26174720502576,6.33561505467035,5.42420245520041,5.24085460512045,5.30614715146409,5.28230147437865,5.18240320210889,5.36544773353283,5.37423212023529,5.18873040864797,5.08361750202176,5.71865533259809,5.45808978819475,5.38579995480092,5.37820365772614,5.117315538448,5.20958025211551,5.33237845595608,6.45270675044869,6.36648938303064,5.69898976400521,5.52979078171119,4.51973699235692,6.02521584387187,6.5147090829113,5.34996885611937,5.09192058649981,6.51479295362016,5.6365560341965,5.96851244957619,5.54996028699741,5.66544093287257,5.31595802455645,6.21281115841022,5.35246549716477
"AK4",6.01938993339495,5.97888857661678,5.98116386896177,6.39486319827706,6.07099064634932,6.01007784908836,5.98598185191132,5.947685381519,6.70175919907157,6.44300344070668,6.76466683259528,7.15915494376964,6.02247037340624,6.66128860340706,6.19632076093659,6.77522035092815,6.80686689449987,7.02313927186652,7.01267022185346,6.01823493243408,6.11483161998554,6.68151678915013,6.42897184219608,6.20660098681353,7.09038303230525,6.74105321838668,6.67178295927271,6.5840987918164,6.01476312781383,6.26525647030526,6.1222064736881,6.22990220034653,6.14748220416171,6.1257101525605,6.10642793628302,6.24307230878436,6.30427673907851,6.03709240023858,6.05462985127683,6.24302138809371,6.85119191829061,5.73595738310066,6.32622826214697
"FGA",8.98186128217138,9.75433067454823,9.51626552408829,7.33135074311685,9.83299035232153,9.02436395621742,9.32745995948881,9.06114183483466,8.77951890742135,9.0905436559931,9.74657519791593,9.34335113198182,7.21051572992113,8.90147080487542,9.17603762789753,6.98283014121186,9.3587829247416,8.39508308268385,9.00662080199609,9.43211379148159,10.1556345675358,10.2943665754517,10.429575282118,9.96602635314797,9.67487678511612,9.25468110056664,9.80518152321549,9.86742103907662,9.50936330645472,9.94773497056324,8.29189899209267,9.13567397613285,9.76659558119885,9.21758441660191,9.03481521195355,9.5854297079153,9.0003522169088,9.05388407074082,8.66988565975455,8.84434194809043,8.80105059062292,9.16382165023713,8.25624605835203
"LIMCH1",4.81182791007033,4.2751328497515,4.88394708154054,5.10098107588364,5.06597071845579,4.38759499673172,4.512018878117,4.76884442547996,4.71418083178304,5.24715885067692,3.67097706383577,3.84847422553656,4.6664170807382,3.84787610780147,4.0382444533404,3.58761339590407,3.79186989802131,4.51811865418694,4.0381386596315,5.12683273237385,5.47102321686312,4.37921775925366,4.5078019100817,3.77733071416394,4.32545402922587,4.22271943649134,3.83027052591395,4.07027089287269,4.30927892816163,4.69565456818359,3.28516320300002,4.32336906158711,4.54190601097393,4.08809794218035,4.40496339643673,4.20914849253668,4.63175649288228,5.14117479079792,5.13556372004141,4.48212982278694,3.90373407789165,4.92653119502336,4.80127707888032
"FOXM1",6.23905927752865,6.36443601043511,6.15649753406518,6.20769429119123,6.24158998689877,6.35002278720582,6.15598639587141,6.70206790690593,6.20307876815513,6.21093553450406,7.6888891770599,6.61720507714766,7.97977033772434,9.12139342055134,7.04017703506815,7.66026140391601,7.58790528996153,7.91286992924277,6.54312623063978,6.39356121785016,6.2584673227938,6.47346753535293,7.39369852723541,7.10432705163625,6.72775690424174,6.30381380703185,6.19396148518315,7.2036950659401,6.21982356627302,6.50641492735838,8.38321410033077,6.39687296264607,5.87834534655333,6.37326304221099,6.72789885048482,7.03951402289592,6.26466642216449,6.26689741800976,6.40119188092581,6.44533296752036,6.40995403138869,6.18004533384011,6.18968673073604
"ZNF423",4.93968387022038,5.03156783266463,5.17783145205393,5.05564928312274,4.47832211672455,4.4179236483996,4.24885520071872,4.70277260328057,4.82606893122459,4.67812234067489,4.67070420910635,4.12075693434195,4.04152447505461,4.37802089440689,4.10887095200399,4.10850943342641,3.39009397590683,4.48979088813775,4.12592785776847,4.65265284624778,5.97501272467621,4.54195769049094,4.75970303981136,4.29643228209614,4.03760418311135,4.45210211598945,5.00358057437283,5.35332448115671,4.86065548237589,4.67827117186118,4.35320660763159,4.6874913407361,5.32117420158993,4.64920192867681,6.56248151313206,5.47447515410764,4.75018085622188,5.40187871244126,4.77434943246826,5.04137459106194,4.70679388130503,4.29960148728031,5.07200126346879
"NUP210",6.08853852121489,6.15527219757589,6.4565946385627,6.28123739746282,6.53142320859414,6.82827619535568,7.03044278377544,6.90938742825591,7.18855027154811,6.32096296212661,7.20521035539069,7.57890062739572,7.61033758097395,9.24678511547617,7.93904678830948,7.73323057051082,7.31796530793137,8.89874898998575,7.89432988040343,6.14176464919484,6.46972498606713,7.39744978985714,7.86594941633459,8.08523358354393,7.38988760473136,7.34460436835737,7.6396566223178,7.64249776518423,6.75472354811865,6.6266995312148,8.73802247645239,6.08820714893682,5.9651657130811,6.89934684158572,6.98558872816679,7.09851873295503,6.36947833572117,6.23484835030606,6.34911494538637,6.73097729369644,7.80333261134564,6.15152625026112,7.21680770754865
"TTC9",3.49829682459284,3.54511799006637,3.56760787736212,3.65604112471525,3.60297897438701,3.77193233542493,4.05428191191082,4.09324478543131,4.1833581845869,3.72551579003346,3.71228481138897,6.77710645588057,3.7826431466026,5.05144997735076,6.13724664290865,3.80720595999766,4.34130413942545,4.88986776031107,5.95601686759228,3.49203221160457,3.53444097028078,4.74028276847421,3.9409810964039,4.00992841942519,5.50973208246139,4.75509998752884,4.89414041871199,3.85897966277869,3.46353395163684,4.43043839543246,3.23394119308362,3.55317294108343,3.57762547311631,3.75331234726824,4.33549551601163,3.6285917893897,3.76842837655228,3.39950224688663,3.45528258242493,4.00717016187364,6.03473242556678,3.69643064015853,5.7005891761529
"ALOX5",5.59700662655896,5.7520658491127,5.72281566458402,5.64964957515509,5.7535283179735,5.99729456338137,5.78954871467675,6.050471837304,5.57490153695976,5.54744607595256,5.88443048755503,6.27450496502442,6.62865657673806,6.88838086537876,7.00553934919544,7.76035178681589,7.09645449307442,6.19248500955977,6.87359466468123,5.71143733670373,5.67923660591551,6.86906860731455,6.18603788530399,6.93447059234044,6.94214646889232,6.51514166655957,6.49346181614039,6.07184479795209,5.96755716528082,5.81962013399561,7.10584193452263,5.82830950075076,5.65966799420021,6.01389682378221,5.56041531315174,5.90590132140972,5.68255198708577,5.74569860857166,5.78203050139843,5.90512674251066,6.86752529029442,5.43340842620192,6.76847346668658
"ATRNL1",5.2356322298631,4.8694158970013,5.66148729123281,6.19776923584964,5.68324582209023,5.45543057854148,6.0797604686557,6.19546400307419,5.95536817606898,6.08420153704336,4.42932856683773,4.43487128966533,4.8868659225081,4.76191780364148,4.56370813484804,5.15593385499857,4.7051449364452,4.89517863019785,4.63460827835516,6.0053692425838,5.62327365233022,4.89792322491461,4.79583235181898,4.57976975189034,4.57941735853693,4.49477216199498,4.39632292448182,4.6067650998632,4.89087002441872,5.43330025308739,4.5488169409139,5.68162735121756,5.33162209466238,4.99670140205857,5.17904232598031,4.96661043416987,5.61371455836513,5.96700320812366,5.88745706518622,5.23613339168039,4.67795239788861,6.71783281376877,5.08958314072466
"ERC2",5.19615393885344,4.2464147346268,5.00555720574585,5.2603141913489,5.57215509618537,4.66734205238844,4.95319539286903,5.40808198542396,4.45305112741861,5.66194677757806,3.97822685600136,4.28045002166789,4.11391589988841,3.89315655697008,4.1846001030101,4.7172216114576,4.39017709496393,4.27807011452846,4.30881938253513,4.84871546938271,4.58099323618702,3.99812456582158,4.32310963952986,3.80106536790268,4.01635443892857,4.1109351496949,3.83031038915659,3.91260123587472,4.54536616664713,4.51652368627775,3.91718271417117,4.70092042898301,4.34850489363046,4.06983362843347,4.02673896515793,4.01548654774555,4.56574763507897,4.87395595519505,4.62996631037435,4.27562228651479,4.04272870004345,5.26532485680166,4.46654568836468
"PTPN22",5.19867062706028,5.02280923127767,5.29306241999607,4.8500712211179,5.03603308092687,5.083929189611,5.13991062473344,5.10873676094362,4.58111671186546,4.86943620005306,5.68060307120655,6.65594398030096,5.70046950057307,5.47787757997456,6.40794252011486,5.97957065112895,6.29780500663577,5.08193916423588,5.33171472064326,4.74115711530641,5.19363058064874,7.23204439006355,5.63536080543807,7.28972887693134,6.44267313179285,6.1157462506829,6.57363647828908,6.28188869056815,5.33614830192922,5.12495311979275,6.45872878192735,5.05542504158701,5.20946846854955,5.65610230980643,4.9251967070275,5.49683942146142,5.24487956036275,4.94237409507459,4.83602836528191,4.93948984473191,5.12555951167941,5.37112793289856,6.03441503534308
"GATA4",9.23035793025253,8.95619769881869,9.0736813062534,9.57132595392243,9.35377282435653,9.0163974778734,8.71928134422614,9.32208794679168,8.9623669012957,9.34438488255367,8.30429401977355,8.20641614619205,7.82207826010341,8.40109590979544,8.11806882172016,8.08064018002041,8.13998723914111,8.33356117712884,8.35482918254447,9.10576361420038,9.4058964696889,8.57778537078332,8.47872179218512,8.51611675439552,8.32853607043491,8.27594352755643,8.16478159443811,8.24215364589483,9.05729391498845,8.91322001322938,8.02753027220424,8.92361213940422,9.05675385258036,8.67935057160055,8.16730749166742,8.33883903716524,9.1355199399378,9.20703697797657,9.13461277407667,8.90697600524381,8.20565406085098,8.51045223659342,8.37676833553152
"AMHR2",8.1722916934618,7.34214291235712,8.36578010997946,8.38466516316683,7.84632969085013,7.77867567680294,7.85003406956572,7.76853412269216,7.44899688831215,7.53147784803045,5.72176586586685,5.9137020491921,6.46513390466052,6.54393287764219,6.26227903499142,6.47028270813501,6.30047366516507,6.09176269360367,6.11341696428532,7.85830753334115,8.23574766926083,6.73649897533948,7.40286442810245,6.2646397089291,6.09167578731686,5.76928143478936,6.16283691210985,5.8252948958373,7.95218255865388,7.28077397826736,5.87027294528219,7.69559348853646,7.79946900013442,7.31283466543445,6.18757559726118,6.77829672636941,8.16594978011177,8.15049032028532,7.90004205374878,7.7767707631728,6.06204437423798,7.61323700519803,6.46384421902764
"BLNK",4.74310951714469,4.58784158130574,4.89712311950071,4.82491879504797,4.69385807886834,4.75082673988944,4.92682577531164,4.97628790428641,4.81533250626126,4.80813349528873,4.77675911612767,5.81534317757681,5.49864824042075,4.80607448611172,5.70256819488212,5.74956557535058,5.35240258960739,7.48270760633178,5.13443396204376,4.68616468058746,4.69716650742267,5.50047688777017,5.4624598681597,6.66158450257244,6.13790352633222,4.93934594965366,5.43255762098532,5.7251769560523,4.85298418250701,4.62965380391529,6.18889639270853,5.04543232855638,4.62122258535947,4.9557785175123,5.08185625003832,5.06161867041353,4.82468729068579,4.62565238454941,4.54064087444406,4.99004049662885,5.43057979074412,4.67261469778951,5.18619153145063
"H2AC8",5.64835535413186,6.20712960539627,5.82617182944193,5.67201133671386,6.47485744301739,6.25284492745253,6.38892603862868,6.9743132250166,6.51471787108561,6.00686690933971,7.75812337533529,6.9426176542151,7.93871344509973,7.95482786317721,7.45062279071307,8.60626803918758,7.51117509181294,7.85766681499166,5.94444244835509,6.10112556820268,6.43798926709108,6.75934386699733,7.3030103035309,6.18370843064587,7.89848169934537,5.99703146006465,7.03919371077361,6.62491843809148,6.22267984113398,6.37450663685743,6.37137142289442,6.65308731858493,6.25116497337234,6.01478000978614,9.00912743741319,6.35620783811821,6.12658818631351,5.93816764339287,5.8185282114065,5.90562400768491,6.6156565770055,6.51658726962798,6.65039428184533
"IGSF3",4.34808542278395,4.49239406057798,4.61900208590748,4.62084170795128,4.99436672664255,4.61907432672045,4.57908659374981,4.83866617121721,5.21333985927892,4.65083020691744,6.40192822088412,6.98363892116543,7.45147395210275,5.92794353094258,4.95947536108313,5.26765516300852,5.89195479038404,7.91381379810353,5.01214483570364,4.49909497973583,3.97179666898017,4.22808944270351,5.37156420447222,5.11601720182017,5.55749794354786,5.6446508706508,5.00429102691919,5.9347796367948,4.70006527309542,5.42104899991459,6.0475234342945,5.36203901940796,4.29075537713941,4.83829064331061,4.99625519305358,4.82009081042975,4.25555986462041,4.55864207886256,4.29295316542739,5.65399294159537,4.42415160244696,4.08783158654739,5.36370363887614
"HTR3A",5.41010519809241,5.52925413717934,5.41220228627121,4.96901904561576,5.38824590077914,5.54224593917732,5.23360456205054,6.08098381335944,5.24698884487505,5.3589253312795,5.48836113555542,5.45941209034076,11.7905627192509,6.5195529656374,5.87733570803765,8.34892732123098,7.43748143454208,5.2811751373172,6.2683138923111,5.41611942868747,5.5918359972214,6.04227347265808,6.23754696758879,5.85883824090472,7.75899037030034,5.66794089120516,8.99503910091558,6.10503309035564,5.48425630437694,5.45032819023045,6.38999224083881,5.1015933184319,5.28904029656395,5.40305776619679,5.24475910971271,5.28811179505787,5.27389772473954,5.38749196447519,5.18601933046977,5.32557190345055,6.32688539381367,5.74756154127305,7.26526343443868
"IL1RN",6.51445660273659,6.92435584382426,6.80037977816679,6.09763691942987,6.93142983593592,6.87346237007359,6.96127386814735,7.12278178309522,6.52065148653499,6.58301283967988,7.13896606888695,10.5801449113144,7.83737830478179,6.97598428135806,7.36660097316435,7.92797388555047,8.42056755032328,7.96247991889843,7.09452108355181,6.90142328910813,7.08309688941501,7.67010550700529,7.61868531745552,7.86334257523058,7.19168013496397,7.78124065630006,7.29827490966582,7.07925543990225,6.93330266850318,7.50223264472085,7.43172828491184,6.33432602230532,6.57200343169773,6.76195187198453,6.72795968721109,7.0078284708459,6.6017877778675,6.69250531684362,6.37402355873292,7.15374934154561,7.20383635761941,6.38325390868401,6.98924427935057
"ISG20",6.59926981007284,6.78640979308161,6.94292504587455,6.49161663102389,7.23272734557274,6.84629276591909,6.9083831717846,7.45315165479276,6.49942430838495,6.58333577229914,6.98802860690383,8.01253993177284,8.23091276905653,7.85224364936768,7.99461581030534,9.48199924058152,8.40629175730844,7.13926417803602,7.29079230480835,6.68915523378691,7.00839025779131,7.45345773752522,7.51548734752017,7.913176101821,7.61661287194374,6.94240117246354,7.26360355296006,7.61179709629124,7.05042530690117,6.85175162452241,8.97485811901226,6.73858376860797,6.75891987009531,7.11841964700507,6.38221432762327,7.42295189367738,7.01823851296478,6.73020085597697,6.81928340683166,7.21065348619338,7.603581410782,6.69105310236527,6.82963388831185
"KRT5",6.76701224705406,7.2679687658348,7.16093681191853,6.53245430684739,7.22818236496403,7.19003846554111,7.19551026552816,7.12143459019013,6.88643046079954,7.07731917537446,7.06572411286939,10.8001649518416,7.38919640679759,10.8148296080502,7.29969994330768,7.07912421971024,7.53577378617803,9.79124358370877,7.04750872316566,7.15755520663309,7.482094280764,8.34146614400237,8.17724027317776,7.42650202439431,8.72230785183314,9.82342375853163,8.99413569230512,7.81682865071834,7.01225762126019,7.35761153263,6.88529170769087,6.88542269252447,6.91860079375925,7.36649500743431,7.48351783136332,7.13204195842427,7.02564330005792,7.03725513918456,6.8778873560849,7.99748830330962,7.88580654456443,7.09248315422959,7.43392960676698
"LAD1",7.89059508064358,8.18824691881808,8.15317305884678,8.03988235064323,8.12479056919145,8.43917165290365,8.17348318030911,8.19622830980243,8.12662334222063,8.05445818682146,8.79534777323184,9.6437215033167,9.08071893768731,9.13476957489043,8.54035376145106,9.16811020435642,8.71820070329048,9.45839004452121,8.8805032975265,8.0633517281656,8.34750765742446,8.7712732220521,8.95592443008822,8.2991977422599,8.98209404284055,8.78471026370756,8.21033055148962,8.49826800047399,7.92004671967866,8.57203844146603,8.39782119797667,7.58713155775631,7.89042294408235,8.33340755865522,8.55954676505568,8.57796188855089,7.99108235315269,7.97017370591108,7.76453869578038,8.78952718037895,8.73560702712164,7.84276794899285,8.58480689715939
"LAMC2",5.08978338089229,5.61074051044715,5.43793711793581,5.31683812340286,5.59030721738271,5.90567138803822,5.90668233928791,5.71523113664794,6.13015500536535,5.58385890039295,6.45094746840858,8.47546029845585,7.16959600980978,6.06125464295395,6.03696802756161,6.58698800696926,7.93132615675582,6.70572264535068,6.42452024122302,5.44905701536133,5.59310993045808,6.04713038391042,6.22175552006435,5.34769903396954,6.58254758123707,6.6544659242237,5.6711492835538,5.72375713017398,5.48016452484862,5.53425206962632,6.44707159599572,5.04005290346228,5.14509424092083,5.67118019828748,6.35312925097391,5.44599175131228,5.52836484539389,5.43677148598683,5.49369619482182,6.17804864256195,7.10637293235732,5.6657952224047,8.63808436808223
"LHCGR",4.82741575742135,4.150228380327,4.57855698770326,5.4115045778696,6.75790250809897,4.99897655628967,5.2594870162883,5.94846002905949,4.80761838322447,5.38594232036733,4.34257720511072,4.03152162518494,4.58097188085494,4.64766107218186,3.92407718520917,4.77948044363001,4.40800858207916,4.19121912869634,4.39369860480888,4.99724084443722,4.79914549227347,4.34547982880777,4.27120670400937,4.42846298655718,4.35289769943042,3.96227529437104,5.66949292036638,4.19011143422246,4.31847466319829,4.39798085850754,3.80756395527145,5.62022371499124,4.80707515455296,4.41719386959519,4.31426190890467,4.05318413008348,4.38067113771944,5.26116328414473,4.34307680781803,4.63436534691549,4.27360184389156,4.83348017509464,5.14304510637925
"RHOH",4.75024452963172,4.9476787655467,5.18904062671464,4.62055365637646,4.80303375562492,4.78347584998811,4.81661434748873,5.13572807148394,4.56806131699469,4.9174282456862,5.22998891201703,8.17151428185042,4.96381471937268,4.95670135906391,5.98238722833269,5.53811131973537,5.66007203076272,4.89900051929618,5.18669090391851,4.82503028331047,4.94998122242608,5.47562550486896,5.52039795212196,6.58946264856628,5.67825138648939,5.14223827629219,5.59141490835457,5.93541672240626,5.15587329138451,4.6893793117663,6.18902545380702,4.61491799222524,4.91155064194231,4.97457943874281,4.64327572206226,4.98775003290052,4.80780439459888,4.85456153030341,4.61345700816602,4.45511412510585,4.93348655237816,4.89997162993549,4.71417964470342
"MYBL2",5.3360501010439,5.59794181243041,5.43397642105548,5.11509121513061,5.39563620147706,5.7343165022587,5.74817852200068,5.65555247718675,5.19192967132258,5.15177369123141,6.60283703448164,5.97242611812797,9.88594448610101,8.05637484813309,6.17962217763012,6.80063877723162,6.99395655903232,7.64202375478779,5.49231017525795,5.50284749674393,5.32134705940538,5.62022209568846,6.25165583903231,6.40443139880071,5.74092350043519,5.71467957057392,5.4543595781612,6.66082454443459,5.69015488902748,5.76106165713274,7.71545776914796,5.49981092773483,5.22916519690453,5.61393524876738,5.889107276113,5.79728769118564,5.55085428070498,5.46922883410062,5.63053766490796,5.39366258228309,5.55980739397446,5.66789490648208,5.52422901408555
"ATP1B2",6.61209263439049,7.30875411196115,6.91907741132481,6.51123094048809,6.22026621899644,6.60333064259334,6.33824962300031,6.89745799365053,5.91936737501049,6.5283386779592,7.20116052576783,5.85781820527659,4.91396830806988,5.65061281055771,6.18278081621247,5.59273658316703,6.1404950231405,5.97767518945025,6.26966304832958,6.59575404340564,7.41288752469058,5.95451581795154,5.74411309406821,5.96686621874952,5.83711968578908,6.09127079286514,5.77285974598074,6.05548767874986,7.13380490202909,6.95559652754681,5.53618072340456,6.12449643292035,7.0355171747795,6.45126556404535,5.86803187685816,6.90698048755545,6.93265315806916,6.97668794352552,6.67950424373568,6.30239253047595,6.16848468255277,6.72448098665636,5.83828236906081
"TNFRSF11B",3.12561612676156,3.20683249728964,2.98622985665175,3.20212612116859,3.17009395089509,3.11320318505212,2.98381609168451,3.27360351310921,3.80444980736735,3.26737069549933,3.24765343205174,3.19668494608144,5.0039494875675,5.12151952966843,3.38638705141593,3.81031027284733,4.64032207988609,3.10381191713917,3.5979458469234,3.20758248791448,3.1604054864362,3.97130311480608,3.51625056476659,3.36204109521975,4.9400765607578,4.88964948481189,3.27105935028749,3.31009726534257,2.87636925824386,2.99013991528555,3.15315623741546,3.25267676064288,3.16261032933107,3.38695514694714,3.23041296332724,3.29411938614612,3.0329582113123,3.0405261739471,3.0996720611936,4.10306783075764,3.82840257041912,3.25003384495355,3.85659966406102
"OVGP1",5.82968788695213,6.01806166379237,6.13852028748555,10.5316624454568,10.0869588000303,11.5109918798048,11.1812097937064,6.3966684404566,11.3008488546461,10.4915482541103,5.35570726835916,5.74803672224217,5.53622829345568,5.78909206699999,5.86630345024032,5.82218476372268,5.99776626794243,6.15437099501926,6.17034121524344,6.06167456446377,6.14389458513546,5.75652342113337,6.53241626706596,7.76420318668898,6.80320025416339,5.75413960721792,6.76715204220665,5.5519719472677,6.14330944399635,8.6038470820288,5.09905875275705,5.64798144815235,6.05632801790072,6.86344738771821,6.32658811764319,5.82594720024458,6.17376304112236,6.24950456741774,5.84658073097329,6.22298629079496,6.03001625822115,6.17038099289868,5.51253792786925
"PALM",8.66852321261647,8.989800650681,8.93352163351482,8.90543628447487,8.86823637033929,9.08988848842219,8.9258257071144,9.17948392461261,8.55886352068275,8.65457808095259,8.21963452633064,7.79467084342316,7.74268808050925,7.98405783494855,8.26174455031217,7.59278959103022,8.27992720129421,8.87341216801232,8.09472184140342,8.60874198554169,9.13943995728416,8.21624641938523,8.39897116739858,8.15547233091116,7.98209596957973,8.50075663917621,8.1627346161753,8.18506133682273,9.06010846396885,8.44301879463885,8.13776970208816,8.52835555764952,8.73614653610079,8.57521802237179,7.85919557013045,8.73948595626323,8.9143852510596,8.94544950633501,8.62753721239488,8.80664848779482,7.79667280088834,8.09796368275164,7.94683960276555
"PCDH9",6.35780223009084,5.77316460891153,6.09525639890183,5.97376596965826,5.53721146223378,6.13480884691988,6.17953288924754,5.59806754503634,5.19604981463472,6.38767046326638,5.4419997412007,5.1875542528802,5.37260445101966,5.25099107018691,5.31899475493114,5.41840995674713,5.23128209365098,5.12901025815964,5.26136089204781,6.59372261612013,6.13451081855145,5.70250905318895,5.97012766250516,5.48690026375127,5.02238004069579,5.83514802919426,6.21362099733572,6.01926717796135,6.09255376788323,5.92012645809782,4.86979317003482,5.53525613505944,5.72042382004451,5.47150374781097,5.56772527416407,6.40242820882665,6.53901900035816,6.1199118941081,6.00777674560174,5.63697479428964,5.12215589998216,5.46689150254563,5.16144271979146
"PCK1",4.36737282709305,4.17255810543027,4.32198783432715,3.87175107530001,4.60371831757236,4.67808072116678,4.7980880740905,5.7972562952895,4.67773363751558,4.31780954908903,5.89186080752025,4.30809743170008,4.45081980906173,7.02307649023925,7.98789279230391,9.23160698384657,5.20512237154181,5.99413518945641,4.769604788272,4.36712708844131,4.32047708226257,4.84987885570175,4.7382008751589,4.2994039424359,4.75661874788877,7.1115044458857,5.74232360474108,4.14254989351334,4.25691760410146,4.52535168491629,8.58560578240603,5.06892991309053,4.24813760003334,4.91828641018146,4.54723361187782,5.04976119459136,4.4118470782658,4.41392734110878,4.46938335004788,6.64512540520503,7.23328300031591,4.73606561366426,4.76697370556113
"PCK2",5.83896507426322,6.05731197039931,5.86059031601077,5.85327266703447,5.95317925632697,6.16265406992667,6.30398230058872,6.23124896288134,5.97567290337939,5.98432734161535,6.65265433706282,6.54935493501754,7.5358265158284,7.80219485116321,6.32799466468164,7.474137272718,6.59408114860368,6.75718261596473,6.64302268906988,5.90921022504372,6.12467466829782,7.1672676741745,6.52804118886967,7.1364983973615,6.82668363921734,6.58855847959293,6.56592557411403,6.44240826395562,6.1065060374294,6.32310067999997,7.02421977701007,6.13671715989207,5.90199075858336,6.36524445203894,6.46490723612979,6.28426921191226,5.88270642418664,5.92217661091095,5.90084428183116,5.98450710503421,7.08457428332733,5.77388908151916,6.10604978178939
"PDGFA",6.67817668597352,6.13260088637331,6.28751107638838,6.41659637520359,6.01459246715446,6.13160594278571,6.42783602553933,6.21114143320253,6.55435671902576,6.35329497347343,6.26114090736939,7.39248884587463,5.97253967116594,7.5059737431552,6.91732925809199,6.86819807375992,6.68721434920241,7.01410112660993,7.72281308705416,5.79168313731497,5.89274457493442,6.82200236619143,6.17368581565737,6.51749583529935,6.5583701711024,6.76569208910718,6.68917921948257,6.97705998597171,5.96473452495394,6.5537853049782,6.15659287901411,6.16904493291381,6.39736906979481,6.12605297048603,7.70660128248423,7.4381768894635,6.31554624516413,6.10944062267331,6.26453936386864,6.36658706097862,7.00588771725381,5.70828632314625,7.70289032084883
"PLAUR",7.38573926504607,7.65883355328998,7.47506793042516,7.57868086718305,7.38151759085261,7.56935233469918,7.54466145458109,8.00896219254734,7.46251485983505,7.47126240317969,8.14060043511933,9.47764617783146,8.34743741482177,7.81170236217424,8.29151490103987,7.82735761743345,8.90064327322168,8.14011236063645,7.61616259647507,7.51177374314187,7.67131474623714,8.1207942396947,8.20839136755084,8.8750124829818,7.6795445411775,8.64661730565484,7.97106955194625,7.99142119075614,7.73505295038369,7.52010902347911,8.50956187330494,7.61362745852723,7.22927472729292,7.67997336543406,7.20094907958906,7.3817387820868,7.41391933859653,7.58039394160975,7.41047600154699,8.02255314933976,7.86091859940808,6.98520108666526,8.25426926011705
"BCL11A",4.8155373803081,5.0579381336953,5.07490460174102,4.99267392866228,5.14236309921364,5.42019248068259,5.21272958737626,5.78185480968968,5.36689985741179,5.3553731114597,6.39327808304367,5.60385358154234,5.91389738458671,4.84693129210704,5.56190916049813,7.44638997947042,5.9355046337274,4.88844120139601,6.61535577256227,5.02899093726147,4.993098347373,5.55517569847668,6.08989128499768,5.19658536831263,5.55631308677189,5.04315671980508,5.32758926501822,5.67674132725782,5.23160551739512,6.07276373136646,5.41260969076812,4.89805073926575,4.58620052614619,5.1595810639148,6.04606232262811,5.32353632404779,4.8893991527941,5.00833038625733,4.93237803393745,5.57734526872668,5.55179285749276,5.14329647183987,5.69393833874646
"PLEK",4.26486727704876,4.85901477443291,4.56799184346499,4.07730311722807,4.45612748732599,4.48031101065003,4.23714344973059,4.96086355460902,4.47620516317354,4.42835889076352,5.46085888158251,7.50960737577234,6.44502066547694,4.54494588667234,5.43841306111774,5.85860675849802,6.28953411078299,5.06314539262504,4.69919015065769,4.55285414693838,4.92488084010606,5.12721271842189,5.72731731222891,6.87865603136134,5.61959684790321,5.33230257958713,5.6590135698305,5.84727212084621,4.90397493457498,4.64185890838266,7.06021374017123,4.7475924984449,4.57548000436492,5.2485930138909,4.84266272194452,4.61760928852353,4.30924384491866,4.43299221850922,4.12989984735254,4.89021293900562,5.04273027599355,4.68249911714743,4.6830250325624
"PPARG",5.17829613433977,5.30457868980093,4.40180452438937,5.4921030220784,5.4788622793856,5.24664076291421,5.01595342905604,5.54881528968935,4.62330287764062,6.0001760850611,4.24916049891381,4.44563678800995,4.67055548013882,4.26269774073625,4.4999628070931,5.11005680512091,4.21606050115793,5.59867932720445,4.22168740346642,4.97125579223684,4.63169236093705,4.40204886384093,4.38784413820426,5.42274376842023,4.39034372058364,4.80071123692021,4.73145900802135,4.29777124694522,4.83856100752518,4.80555746971848,4.45898563879176,6.186444482387,5.48983029794241,4.88936342795009,4.01780590728821,4.45931724779541,4.94775695785656,4.71361061591002,5.06581700986168,5.1422527893378,4.36198628048308,5.37912556707402,4.58469030486092
"MAPK13",5.38779594249971,6.01902053634514,5.58982553767853,5.38900949139775,6.13064527727908,6.15778275125814,6.06511224088816,6.59978352002722,6.13349772808628,5.97919752333427,6.48045293666216,6.96324308896366,7.12388468738798,7.21120534186811,6.46650538412918,7.60402193784597,6.80454709446367,6.95248450301577,6.15349496076694,5.76728079371497,6.25370282662331,7.00160230470355,6.66362318012104,6.94867765622475,6.79315244497973,6.76445237737508,6.80570930127187,6.20902811994753,6.11163906828779,6.63020970867949,6.31028839826697,5.41194950236896,5.64416216710996,6.15817187431076,5.87541196870673,6.12271938408246,5.81389193026369,5.84150741208437,5.58918728643399,6.27583002282474,6.81253575502525,5.93320908593466,6.14679494386202
"PRSS2",5.44434932854523,5.48509948002447,5.30307922560758,4.99454723742639,5.57258639133794,5.55227455800357,5.67733840397005,5.93360887466757,4.73524702102177,5.07299400025078,6.41614762339065,5.50980329959372,6.46041056189551,5.79934530079148,7.30622310837996,6.31376969038143,6.33937455082781,5.60783385413336,5.44240915810775,5.42880619067477,5.64318029152239,5.89183672841031,6.05592834535292,5.80570232431094,7.21842678236989,5.78758240425758,6.13771569960623,6.370890884737,5.51128455826895,5.86246857616964,7.67299437396244,5.44023804989776,5.60886302156512,5.41946120231466,6.21122976329203,5.80895711623533,5.61317687229453,5.40988777954302,5.39100314046381,5.56487905451739,6.17373341897879,5.34061854724111,5.26575687393011
"PTPN3",6.5908278481683,6.53157544829004,6.39272667999695,6.84189176786099,6.90173749992336,7.0588853282981,6.94543062264503,6.93388770451324,6.92735972470489,6.67932614552795,6.91788207084948,8.73823872143194,7.11382053613254,7.86380190252874,7.22912408068315,7.7944734074022,7.13815570023925,7.54858121368485,7.66948265825482,6.47276126394299,6.64857697745666,7.60847856882616,6.99795882140372,6.67653914307797,7.07275770107604,7.28085834618908,7.0489396572057,6.91243197973752,6.47231851860968,7.01385957459198,7.20070727005456,6.37555043285696,6.49116073397599,6.71382983749908,7.0802447339842,6.73652730896014,6.52891233051993,6.36588066022837,6.50772255526311,7.07431322936575,7.24939121799206,6.35841190647402,7.45519961144222
"RB1",4.8137748034805,4.0541087891001,3.85335776868198,4.32771466548844,3.79813896774772,3.83995678770963,3.80690777627901,3.71198863512591,5.60869619336752,4.0758773556029,4.37711826548086,5.13665318719124,6.09161442185479,3.84229851939828,4.18162856270586,4.56760198644647,5.53966800035225,4.93428745060508,5.06522997580065,4.55533337786599,4.41155000914921,4.91835852054135,4.17835122074286,4.46433802200311,4.17231481375449,5.51353547296705,4.50149910200037,5.19654529502041,3.93368584546882,4.86798008216259,4.13420536741153,3.99709457980399,4.05844422226725,3.92150295671944,4.98369349847813,3.58371407995951,3.91468556941111,4.19726094722585,4.68014713681349,4.48391403654167,3.72957432742696,5.08482542735299,4.47641354274545
"CCL21",7.03413602392467,7.62162130353157,7.08370657410908,7.03602853677546,6.97182800705538,7.24080973975767,7.28774526953348,7.50946451815865,6.62776491576043,7.71361821267916,6.43619963825385,6.40547465176981,6.38855773741748,6.57833148895446,6.77163545562112,6.59761034188107,7.09335598714417,6.2900115658017,6.20586538565537,7.08483374257884,6.98034824378677,7.2727415833675,6.46936436734336,6.74002777608832,6.69223102158886,6.42605347641405,7.54305799649719,6.74245134634358,6.4282858453003,7.09823609823572,6.28115927387624,6.58513684730013,6.48772071034189,6.80487068695569,6.27452336594715,7.5297893565448,7.83207123349177,6.89603121901083,7.60540056352848,6.11852955518905,6.44137455928889,7.28178073599276,6.40035474426306
"BMP6",5.85007053792222,5.48733553883857,5.32877899996163,7.41806439974113,7.23694134619338,5.62938819059197,5.98947882745859,6.2320940616091,6.32297222208807,6.73393984648844,5.13982119740367,4.97301300034675,5.04134582307307,4.84802308336327,5.53824469874223,5.31987123994848,5.44372064113229,4.86145135379915,4.90767249481344,5.34860513713229,5.46063091672425,5.25748495859803,5.80926193071201,5.87697051833453,5.19495459430996,5.08784136140036,5.01958998180821,5.45694653776896,5.37459697184934,5.55911024950071,5.50321738144774,7.27230349917343,6.24229416510588,5.40129228748584,6.0211178350002,5.41168983772773,5.41962396476666,5.53904609935967,5.77958496387027,5.61378839018857,4.9731075309765,4.91142236058155,5.36943938542148
"SYK",5.29089448742189,5.74001384163342,5.56298638219232,5.56270116288581,5.82100071855676,6.08973741941588,5.78868656364072,5.74842665580991,6.61247495505645,5.44898039851927,7.42266044642577,6.38413642710468,6.68411347464198,8.61381167674012,6.74803873672891,6.87316821533971,6.15284768557124,7.26816847094821,6.16475328188439,5.55296169640578,5.85908031646855,5.94520241231436,6.20962915531724,7.4296787906281,6.96366046611308,6.00244824565371,6.24049235312727,6.38831907687977,6.03554073908885,5.9582464831197,6.16265087569966,5.58028298729215,5.04760285836929,5.70873910587093,5.9612428797488,5.56780649753121,5.32481528178658,5.59583245180953,5.31676172411457,6.00265881706843,6.40717487162337,5.41574570216815,6.30173934778952
"TFDP1",6.81980888597648,6.49042820217226,6.31685971756107,7.24715291775711,6.55576838521242,6.49316571517496,6.17741301425743,7.17916906430498,7.70955436729713,7.05335893224203,6.57581685101639,6.46083421579935,7.66941956014515,8.28523421932353,6.68004356732941,7.49497260523756,7.44359868389094,7.56613334783498,6.95597973761766,6.50192279543943,6.78892437270748,6.74136224345309,6.46388865688133,6.65871637947685,6.17838192703579,7.45648198218228,6.56712145906016,6.74868844185738,6.55961832956103,6.69931818732045,7.48072824988191,6.73210505525798,5.95311110975929,6.31314357770298,6.81221378231621,6.08243809020082,6.0217483368563,6.84888492046413,6.73709433849218,7.3073277270008,6.51249718907486,6.76749099562131,6.81342304012596
"TK1",6.98604146507448,7.19547348139726,6.96757726822026,6.63413416031639,6.96367241358496,6.96286336320071,7.08570917697737,6.8710956144617,6.84062925374157,6.77664962945715,8.0354425874522,7.42221700523355,8.28255928349526,7.94635932122185,7.69209451949705,8.273955689546,8.04236527235457,8.33292279374053,7.06653140443274,7.08158640907589,7.02388012835214,7.46865787337252,7.7373722771624,7.67662906624439,7.37164880285381,7.2147443306684,7.16173991273254,7.64482805974602,6.9793572773998,7.33997666595312,7.95314809262796,7.14147435749604,6.78571145024516,7.19314473055589,7.40910897091546,7.64189274156351,6.93677030551189,6.93044056451042,6.78490852639895,7.67672946605194,7.38049279223782,6.51765370694869,7.38354486832
"UBE2H",6.803308230173,6.73151561891311,6.56007187897899,7.20231119539472,6.71381797929978,6.60626377725039,6.59860797503536,6.53349502656716,7.79743931362398,7.32469686423889,7.83453189965163,7.67411800801255,9.41156418678926,8.24136556129483,7.35647654022372,8.22503515599031,7.90478711881165,7.98699287557738,7.23727342381227,6.72099668143688,7.11052129218441,7.43599574697528,7.36629933407879,7.16911325924198,8.26697052070265,7.22775559440039,7.00661250719034,7.4553265510541,6.83768127545785,7.33247647290395,7.50551383020118,6.75608861640607,6.41898544997835,6.70258067414643,7.41147850853039,6.42610705935954,6.55702224687633,7.0561714824573,6.99837851802801,7.24266613825395,6.87628247435308,6.42813041160553,7.77068330266381
"UPK1B",5.83991744369828,6.12933019316907,5.9561819204842,6.38326816829181,5.89072082828607,6.17362103363626,6.09266095332544,6.48787451749377,6.37572595883081,6.30105373480181,6.63615139728397,6.07762435208594,8.32569526313423,6.47456401718423,6.12955431362783,6.25605764199834,9.27441852280896,8.53511731851743,6.25915701043897,5.94363354873519,6.22846025790579,6.42070641904683,6.70915858949924,6.2809299918982,6.18506896914044,6.66097495530932,6.09948827881933,5.93696479281547,5.95223105322759,6.90220375710151,7.02427574750232,5.92057406460401,5.97162528145035,6.21151317214832,7.00671613489902,6.25434148797893,6.1368643453435,5.89705063928937,5.85907638276572,6.05249323751621,6.7475233928483,6.27721798820612,8.4558646265073
"VIPR2",7.08712487589739,7.36413454942551,7.32140353003621,7.31464110294977,6.89687858948886,7.16896195264894,7.6192840005837,7.32183608132155,6.5548968347207,7.41576305223162,6.52057406087583,6.25293876349894,6.53302475277236,6.49903476052313,6.6081643570062,6.90560253765844,6.75726306743772,6.49891019251771,6.35808581857955,7.03309852721139,7.11097320074603,6.75785236915215,6.7262182185704,6.63859408214582,6.55768647774858,6.28489630775923,6.31332626017667,6.72115782598344,7.17204934584644,7.11296143772551,6.73261406974933,7.21735745441646,7.14635149802314,7.13351366563839,6.48027994336915,7.3315918963876,7.88030481173241,7.4105838974343,7.84149657820104,6.87256758896158,6.52209870456917,7.3755295091008,6.53035310951526
"CA12",5.29489958029637,4.80137098041074,5.00748874455576,5.43299866963284,4.91179765261641,6.02621458915514,6.44353012833215,5.0007712565146,6.99172455725675,5.08016997528906,5.38415286020133,8.43860771462493,5.43706799147805,6.53779602407578,7.70532587908718,6.61572032825727,6.91122351595138,5.27789258130275,8.90789645948491,4.83565139267751,4.99037767069436,5.25077589998522,5.4856854223391,5.3250034471765,7.49732614067598,5.33115151294038,5.74544534411781,5.51351636161451,5.15496081415103,6.57323454298404,5.05720603172233,4.88652931105458,4.83788749540633,5.26358310283173,5.13225661703174,5.56474696886549,5.34309988783488,4.70541800083493,4.90683882917132,7.35494788241572,8.12459480673453,5.1717215630532,8.09576235601556
"ZNF165",3.32918983323519,3.23405000621266,3.40572166372305,3.69849923767501,3.41369925848307,3.73349317256877,3.57637499205327,3.71960304471598,4.21202286495138,3.57227330083793,5.2432442653066,4.3776953717462,3.79640923393547,5.51661324188024,3.76435269417687,5.92390134548182,5.18917184760994,4.82217697150965,4.23179210289363,3.33088863369755,3.45814125839463,3.51865222873084,3.34367629331805,3.4103801698536,4.36056283764967,3.50282825637335,3.6387719032098,3.7307161978044,3.5383836168275,3.31713266900078,4.70796248411605,3.37362630388324,3.20943226514148,3.40618808262781,4.37962628153068,3.73923402405404,3.6260006271844,3.27361772360016,3.61400048616871,3.95899121175181,5.14021643266035,3.13373708786153,4.93762228176549
"SIKE1",4.00082008709529,4.27794464081915,4.04019868735093,4.28776729564438,4.34827154432817,3.90396052886303,4.3004587057247,4.74158639853294,4.26526149165025,4.21414980560574,5.64329308984692,5.0216571652795,5.8878780913084,4.87608083679071,4.36444287660051,5.10772284498059,5.35615698645284,5.87136664272562,4.70100671332865,4.12087810524652,4.14250918187016,4.37032608148496,4.9453856396782,4.37032608148496,5.31552720083376,4.28622008811228,4.28878858819323,4.46949414400828,4.07521808253972,4.27192041032638,5.52418060289337,4.50917606475169,4.11056007521875,4.40518398537344,4.90279616034686,4.22773462308657,3.82439797107015,4.0636351497295,4.12593913827942,4.41908028056999,4.96320967129716,4.37250817891724,4.19191952475297
"SLC25A16",5.86918788373909,5.77127449980785,5.68954846538208,5.44423203631305,5.73708324199943,5.53969599461833,5.6446509997554,5.83170157816507,5.62586127584322,5.7544681336892,6.40624123135222,6.31072669041006,6.07781996158918,6.054447435044,6.76925970910839,6.87049099237033,6.79072571552326,6.42052931172238,5.8499445202313,5.63507496139562,5.60260651884672,6.22146768342126,6.233143695444,6.32648994368039,7.00582715034268,5.91048504856823,6.11736651228583,5.89204704804241,5.7413893969988,6.03668781095793,6.43412327788002,5.87454667074516,5.64527479782847,5.65401780184694,6.24887790705014,5.66995883988596,5.64971989762364,5.60115869818012,5.77800212038941,5.81318561635343,6.45080845883182,5.68314911913515,6.39813501136313
"C1orf21",6.26850296231927,6.21261983741815,6.47381032697174,6.494741417898,6.05683332261637,6.34213530251646,6.46236332373572,6.69246332251796,5.99086676067883,6.8019100875797,5.26412586770513,5.44645912882669,5.3839923207778,5.73116616427793,5.71843691329912,5.47883717838987,5.67853850010583,5.28232119232067,5.32674642843445,6.34279309078516,6.46798818377025,5.83776685362008,6.08117773961825,5.67366894597973,5.59282247287846,5.45109496938137,5.88961011161273,5.92633297818782,6.49854196931989,6.23480596362359,5.23684953474805,6.29715699025858,6.28294916717456,6.16943481083639,5.79971546642873,6.39669686248333,6.66345161822467,6.37593081464666,6.52869582533769,6.08536979198552,5.49244793812437,6.59697456998729,5.51137227560101
"COL21A1",6.17100279604075,6.12678527714086,6.03784493863297,5.84617074738868,5.85499680513113,5.97549226113192,6.04054667785341,5.98068050241712,5.64298368313823,6.53037889433929,5.23745143879632,5.55037446926475,5.43085383857005,5.44382726573132,5.37992882644764,5.00990179597273,5.39752511035635,5.55440077318304,5.39499484507787,6.123552542653,5.66935251255189,6.2180118816215,5.61155194854643,5.71559489976709,5.26332038976381,5.58722668743965,5.94366755315822,6.06644220043863,5.86323209452594,5.19438610180288,4.90033399957121,5.85655032569267,6.70147676321208,5.63910615307735,5.24253748227125,5.99781351848679,5.55276347457032,5.65313867341138,5.90569029316408,6.03617630861652,5.59878111080371,6.24907250414764,5.14329349775524
"H2BC14",7.00589482599843,7.1467487739046,6.97726534110326,7.11514958558321,7.36771798641373,7.41860736216858,7.11923986890627,7.32843085785945,7.50141873323181,6.98167390876181,9.32021784155697,7.46219373069728,8.6908185208896,8.23591532980563,8.08807015036442,8.89653113577482,8.91913845113193,8.63090388026484,7.24172831576716,6.80772900968741,7.27745187088346,7.36949249071462,7.76244142107867,7.42686239436783,8.40172516460403,7.1647710157327,7.63793641569133,7.23130255443207,7.11779728587874,7.14933841673785,7.23071867355361,7.00776913917978,7.13750611162069,6.98038626416761,8.39164169354636,7.07443824382696,7.13106418968193,7.0834905836853,7.12810583806071,7.16024886939989,7.81367516531687,7.42575876191664,8.72419865240854
"H3C4",3.91323361548617,4.11521185953525,3.82346753635375,4.03236249180338,3.9640346705291,3.76771894659675,4.06705715318626,4.46985186956879,4.72972475900156,4.07857837428433,6.27478714985108,4.83398429987668,4.86662001179421,4.43288614472466,5.15749256061274,5.56542909591159,5.27696812144713,5.49079075653504,4.13475866176758,3.97011860914946,4.10394060426967,4.02265415970776,4.89317948362253,4.44511214955276,5.18944899112135,4.04962887232911,4.50131977054174,4.09733587817396,3.896969247226,3.84209146825204,3.736673222873,4.06118339702178,3.86551289665875,3.76204659278975,5.86429566026294,3.88863476140293,3.94800538316214,4.01307523959256,3.96738428868727,4.27300293211168,4.50418993992335,4.12524919812457,5.13538399845802
"CAMK1",7.41409533379171,7.65060612179963,7.63603726750217,7.47815679866189,7.11508641040268,7.47838053691477,7.62146373366274,7.46646273800112,6.98825456427292,7.03629066830231,6.42033391471825,6.73734504924303,6.67319334526567,6.70302583139041,6.69629163840519,6.58443312144131,6.66802234679927,6.82825419398206,7.03259935674023,7.51697030290966,7.71279061316382,6.94762943425027,6.98232557881406,6.88148735756501,6.55747574877952,6.86606956809258,7.07703617087879,7.01552273578147,7.73888547905135,7.05222361181387,6.65326417447409,7.21471527733367,7.52327994142773,7.31282641536798,6.22299272808154,7.7870007807991,7.67643749172491,7.5940306716768,7.24748186912305,7.31167211851914,6.84626411894979,7.28855177921239,6.50834182613291
"USP13",7.39040918955796,7.58942416336745,7.53214464667058,7.24790654863123,7.40845580241982,7.19767239418611,7.43306411812006,6.42899383564409,7.4686119908774,7.52143427557843,6.29618879847242,6.51188907269813,5.75650058262096,7.15470801511592,6.18552044894683,6.10045638618249,5.69041137375335,7.26567839259185,6.19720611238228,7.59332086738642,7.45884039000155,6.83181312740986,7.04467004126652,6.16641753034714,6.08647208944751,6.24809271005796,6.89151101906087,6.69720847131043,7.24928912025602,6.97260184421688,5.64046496716878,7.5341759922987,7.54039278805565,7.37149148891685,6.85460256044036,7.10614053995124,7.63640891721935,7.4621170143671,7.4068982922026,7.48059521742781,6.392328039359,6.60063663513839,7.58747597792575
"CCNE1",5.93088740141398,6.01937435014503,5.94332884907885,6.01891497599138,6.04997533605488,5.99071368431385,5.82361609633281,6.41774136288153,5.78571869344781,5.75421580343007,8.68563566440549,6.34703842726772,7.92289226565204,7.13271820761463,6.83017045602043,6.91704982331074,7.31664909323192,8.25689833793477,5.95180029094668,5.83227913987113,6.11699692885799,6.23010768763777,6.71152985335985,6.20402988488722,6.39108408263251,6.1248810557173,5.80351064789705,6.72435612394031,5.8347779490458,6.22458908192587,7.00613627541921,5.88460465009818,5.58431825796066,6.26104890999026,5.8131119776889,6.11047329802641,5.91559333847197,5.81509318141026,5.8837283562707,6.98814476256084,6.48395085311722,5.90873403200655,6.01764954367046
"SLC7A7",6.12839973581386,6.57216964986252,6.32382728092454,5.71637551483701,6.16521196892301,6.31524763502265,6.1845724628163,6.5775300363368,5.97669072139113,6.06014730215848,6.94961457431853,6.22362895958897,9.04276494178494,6.28356507375168,7.19532034348747,7.73362530791489,7.50538604218837,6.63915500476564,6.60899710904418,6.15650580428964,6.30013233905765,6.79199804902352,6.81475310225384,7.76814806596777,7.32039770377626,6.9437822139343,6.84625432911984,6.98923566794892,6.68969400555837,6.25531721766411,7.59890592627306,6.39455508220361,6.24498566458663,6.73072171114703,6.10777155160096,6.29530785264777,5.88207716855804,6.28008949460848,6.08148293545033,6.48971677059275,6.95446597938849,5.85642193104362,6.4286775966237
"CCNB2",5.09639972788907,5.2873117711365,5.18124203033207,4.98436364924472,5.27358837972514,5.1084083220972,4.9402556215659,5.79767505296795,4.95181079936063,4.92217741618584,7.152932990969,5.82543273352828,6.93617980233591,6.54939387589709,6.17951983226645,7.37737302072915,7.94543757315372,7.4835157694829,5.61222122133709,5.20226224518185,5.20748833053137,5.48128266351163,6.0523723588541,5.74245236024129,5.55262577601129,5.32321909940126,5.19194311120825,5.8606624508559,5.0798223148786,5.41043154487934,7.8154139212961,5.29587366154583,4.78780301991648,5.23256884981152,5.8274125623818,5.56307308904401,5.03954779518198,4.93680668879606,4.90112382994806,5.16926238612048,5.71024789320945,5.22416795597687,5.23303630151889
"PTTG1",6.82876555500323,6.91342832864147,6.91583863030848,6.36165532672555,6.91948383568003,6.85024647386717,6.88369493733135,7.20847113957047,6.75123203940943,6.76776578850724,8.75877112529254,7.51131346485771,7.58455521334234,8.23818615713709,7.59536959819589,8.65123717815814,8.6133011595292,7.67540434528973,7.22346972796042,6.94129048235226,7.14736121012262,7.40654720615694,7.68871911277121,7.36205914467557,7.27460176019953,7.28391451394413,6.96067693878849,7.94725721285899,6.74958100715286,6.89947271469186,8.30671539016172,6.9226252020855,6.76884961895754,7.17026784275539,7.2377159890003,7.75241328839062,6.71570743780766,6.69508814704287,6.62838426792208,6.93638760745343,7.02689069810949,6.88990260980751,6.85737136877899
